model,model_name,region,split,seed,events,variable,MAE,MAE_std,MSE,MSE_std,R2,unit
transformer_attention,GraphTransformer_AttentionPooling,California,test,42,254,Latitude,5.0283746719360352,6.4839930534362793,67.326690673828125,236.28840637207031,0.99590116739273071,km
transformer_attention,GraphTransformer_AttentionPooling,California,test,42,254,Longitude,4.5197982788085938,6.7561073303222656,66.073516845703125,419.35235595703125,0.9903717041015625,km
transformer_attention,GraphTransformer_AttentionPooling,California,test,42,254,Depth,3.2748665809631348,3.110342264175415,20.398981094360352,39.256389617919922,0.31402623653411865,km
transformer_attention,GraphTransformer_AttentionPooling,California,test,42,254,Magnitude,0.17641295492649078,0.18301278352737427,0.064615234732627869,0.17963582277297974,0.73173177242279053,magnitude
transformer_max,GraphTransformer_MaxPooling,California,test,42,254,Latitude,5.115842342376709,5.8023262023925781,59.838794708251953,147.82536315917969,0.9963570237159729,km
transformer_max,GraphTransformer_MaxPooling,California,test,42,254,Longitude,4.6437044143676758,6.8576064109802246,68.590805053710938,353.1204833984375,0.99000489711761475,km
transformer_max,GraphTransformer_MaxPooling,California,test,42,254,Depth,3.1858885288238525,3.0333585739135742,19.351156234741211,36.037120819091797,0.34926241636276245,km
transformer_max,GraphTransformer_MaxPooling,California,test,42,254,Magnitude,0.15523195266723633,0.1782442033290863,0.05586792528629303,0.1735384613275528,0.76804864406585693,magnitude
no_message_attention,NoMessagePassing_AttentionPooling,California,test,42,254,Latitude,6.5436563491821289,7.631016731262207,101.05179595947266,279.31643676757812,0.99384796619415283,km
no_message_attention,NoMessagePassing_AttentionPooling,California,test,42,254,Longitude,5.8848819732666016,8.4567041397094727,106.14768218994141,494.2789306640625,0.98453205823898315,km
no_message_attention,NoMessagePassing_AttentionPooling,California,test,42,254,Depth,3.2571001052856445,3.1157107353210449,20.316362380981445,39.829647064208984,0.31680446863174438,km
no_message_attention,NoMessagePassing_AttentionPooling,California,test,42,254,Magnitude,0.17540031671524048,0.18773670494556427,0.066010355949401855,0.17385531961917877,0.72593969106674194,magnitude
no_message_max,NoMessagePassing_MaxPooling,California,test,42,254,Latitude,8.923365592956543,7.9021644592285156,142.07058715820312,249.43992614746094,0.99135076999664307,km
no_message_max,NoMessagePassing_MaxPooling,California,test,42,254,Longitude,8.826507568359375,9.6387720108032227,170.81309509277344,625.68670654296875,0.97510892152786255,km
no_message_max,NoMessagePassing_MaxPooling,California,test,42,254,Depth,3.456693172454834,3.0460553169250488,21.22715950012207,40.731910705566406,0.28617590665817261,km
no_message_max,NoMessagePassing_MaxPooling,California,test,42,254,Magnitude,0.20257765054702759,0.20871679484844208,0.084600403904914856,0.19681775569915771,0.64875781536102295,magnitude
gcn_max,GCN_MaxPooling,California,test,42,254,Latitude,6.6271734237670898,7.9182381629943848,106.617919921875,410.23004150390625,0.99350911378860474,km
gcn_max,GCN_MaxPooling,California,test,42,254,Longitude,6.9360671043395996,9.4749574661254883,137.88394165039062,648.13104248046875,0.97990739345550537,km
gcn_max,GCN_MaxPooling,California,test,42,254,Depth,3.4489812850952148,3.2468256950378418,22.437349319458008,41.948230743408203,0.24548006057739258,km
gcn_max,GCN_MaxPooling,California,test,42,254,Magnitude,0.1893467903137207,0.18861433863639832,0.071427576243877411,0.17937278747558594,0.70344865322113037,magnitude
gcn_attention,GCN_AttentionPooling,California,test,42,254,Latitude,7.8274335861206055,11.143291473388672,185.441650390625,941.90106201171875,0.98871034383773804,km
gcn_attention,GCN_AttentionPooling,California,test,42,254,Longitude,6.7095198631286621,8.6647863388061523,120.09627532958984,432.6094970703125,0.98249942064285278,km
gcn_attention,GCN_AttentionPooling,California,test,42,254,Depth,3.3318545818328857,3.1362416744232178,20.937274932861328,40.949153900146484,0.29592454433441162,km
gcn_attention,GCN_AttentionPooling,California,test,42,254,Magnitude,0.20273086428642273,0.20460595190525055,0.082963444292545319,0.20382705330848694,0.65555417537689209,magnitude
stgnn,STGNN,California,test,42,254,Latitude,8.3778324127197266,11.00344181060791,191.26377868652344,912.21392822265625,0.98835587501525879,km
stgnn,STGNN,California,test,42,254,Longitude,8.5725774765014648,12.05721378326416,218.86544799804688,1028.4732666015625,0.96810668706893921,km
stgnn,STGNN,California,test,42,254,Depth,3.62119460105896,3.1713190078735352,23.170324325561523,43.106254577636719,0.22083204984664917,km
stgnn,STGNN,California,test,42,254,Magnitude,0.33438175916671753,0.30731746554374695,0.20625510811805725,0.37692359089851379,0.14367401599884033,magnitude
team_lm,TEAM_LM,California,test,42,254,Latitude,6.522578239440918,9.146245002746582,126.19785308837891,531.811279296875,0.9923170804977417,km
team_lm,TEAM_LM,California,test,42,254,Longitude,5.0916910171508789,7.5412688255310059,82.796051025390625,503.90322875976562,0.98793482780456543,km
team_lm,TEAM_LM,California,test,42,254,Depth,3.6062724590301514,2.8157784938812256,20.933803558349609,33.513294219970703,0.29604095220565796,km
team_lm,TEAM_LM,California,test,42,254,Magnitude,0.14647728204727173,0.147457554936409,0.043199345469474792,0.10348412394523621,0.82064598798751831,magnitude
transformer_attention,GraphTransformer_AttentionPooling,Alaska,test,42,222,Latitude,7.0585312843322754,20.610736846923828,474.62551879882812,3493.64990234375,0.95950692892074585,km
transformer_attention,GraphTransformer_AttentionPooling,Alaska,test,42,222,Longitude,6.2918910980224609,22.981899261474609,567.755615234375,5123.62353515625,0.90046167373657227,km
transformer_attention,GraphTransformer_AttentionPooling,Alaska,test,42,222,Depth,7.6063389778137207,10.584842681884766,169.89543151855469,789.29608154296875,0.85951250791549683,km
transformer_attention,GraphTransformer_AttentionPooling,Alaska,test,42,222,Magnitude,0.20523360371589661,0.18418391048908234,0.076044552028179169,0.12610316276550293,0.66922235488891602,magnitude
transformer_max,GraphTransformer_MaxPooling,Alaska,test,42,222,Latitude,6.1179866790771484,14.794811248779297,256.3160400390625,2126.80224609375,0.97813218832015991,km
transformer_max,GraphTransformer_MaxPooling,Alaska,test,42,222,Longitude,5.8063216209411621,21.055566787719727,477.05026245117188,4041.9169921875,0.91636401414871216,km
transformer_max,GraphTransformer_MaxPooling,Alaska,test,42,222,Depth,7.971890926361084,14.978691101074219,287.91217041015625,2225.062255859375,0.76192367076873779,km
transformer_max,GraphTransformer_MaxPooling,Alaska,test,42,222,Magnitude,0.16575315594673157,0.16227179765701294,0.053806241601705551,0.10909809172153473,0.76595437526702881,magnitude
no_message_attention,NoMessagePassing_AttentionPooling,Alaska,test,42,222,Latitude,9.8581113815307617,17.342197418212891,397.93414306640625,2285.43017578125,0.9660499095916748,km
no_message_attention,NoMessagePassing_AttentionPooling,Alaska,test,42,222,Longitude,7.951014518737793,16.926992416381836,349.74179077148438,2471.230712890625,0.93868362903594971,km
no_message_attention,NoMessagePassing_AttentionPooling,Alaska,test,42,222,Depth,10.361122131347656,19.723667144775391,496.37576293945312,3492.10498046875,0.58954381942749023,km
no_message_attention,NoMessagePassing_AttentionPooling,Alaska,test,42,222,Magnitude,0.1760619580745697,0.16794516146183014,0.059203352779150009,0.10671445727348328,0.7424778938293457,magnitude
no_message_max,NoMessagePassing_MaxPooling,Alaska,test,42,222,Latitude,11.844341278076172,22.210567474365234,633.597900390625,3331.355712890625,0.94594407081604004,km
no_message_max,NoMessagePassing_MaxPooling,Alaska,test,42,222,Longitude,10.563159942626953,20.654304504394531,538.18072509765625,4124.5927734375,0.90564674139022827,km
no_message_max,NoMessagePassing_MaxPooling,Alaska,test,42,222,Depth,15.099650382995605,19.763553619384766,618.59747314453125,2380.1552734375,0.48847794532775879,km
no_message_max,NoMessagePassing_MaxPooling,Alaska,test,42,222,Magnitude,0.18879462778568268,0.17987731099128723,0.067999266088008881,0.1978224515914917,0.70421767234802246,magnitude
gcn_max,GCN_MaxPooling,Alaska,test,42,222,Latitude,9.2807693481445312,19.879064559936523,481.30978393554688,3112.68310546875,0.95893663167953491,km
gcn_max,GCN_MaxPooling,Alaska,test,42,222,Longitude,6.2057256698608398,12.308071136474609,189.99966430664062,1512.5068359375,0.96668946743011475,km
gcn_max,GCN_MaxPooling,Alaska,test,42,222,Depth,9.4084892272949219,13.392580986022949,267.88092041015625,1345.794189453125,0.7784876823425293,km
gcn_max,GCN_MaxPooling,Alaska,test,42,222,Magnitude,0.19204697012901306,0.17475298047065735,0.067420616745948792,0.11254152655601501,0.70673483610153198,magnitude
gcn_attention,GCN_AttentionPooling,Alaska,test,42,222,Latitude,8.6018447875976562,19.540847778320312,455.8365478515625,3288.47265625,0.96110993623733521,km
gcn_attention,GCN_AttentionPooling,Alaska,test,42,222,Longitude,8.4173126220703125,22.845554351806641,592.7703857421875,5489.677734375,0.89607608318328857,km
gcn_attention,GCN_AttentionPooling,Alaska,test,42,222,Depth,9.9037456512451172,12.394518852233887,251.70841979980469,922.5552978515625,0.79186081886291504,km
gcn_attention,GCN_AttentionPooling,Alaska,test,42,222,Magnitude,0.19284674525260925,0.19392575323581696,0.074797101318836212,0.14603562653064728,0.6746487021446228,magnitude
stgnn,STGNN,Alaska,test,42,222,Latitude,7.1040687561035156,17.089080810546875,342.50433349609375,2381.83984375,0.9707789421081543,km
stgnn,STGNN,Alaska,test,42,222,Longitude,6.5360956192016602,17.673120498657227,355.05972290039062,3028.13623046875,0.93775129318237305,km
stgnn,STGNN,Alaska,test,42,222,Depth,9.5901260375976562,16.362405776977539,359.69882202148438,2256.065185546875,0.70256280899047852,km
stgnn,STGNN,Alaska,test,42,222,Magnitude,0.21296721696853638,0.205789715051651,0.087704412639141083,0.15434254705905914,0.61850446462631226,magnitude
team_lm,TEAM_LM,Alaska,test,42,222,Latitude,7.5849528312683105,24.206020355224609,643.4627685546875,5244.80712890625,0.94510239362716675,km
team_lm,TEAM_LM,Alaska,test,42,222,Longitude,6.7226495742797852,16.774875640869141,326.59048461914062,2992.631103515625,0.94274246692657471,km
team_lm,TEAM_LM,Alaska,test,42,222,Depth,8.8880834579467773,16.747129440307617,359.46435546875,2370.785888671875,0.70275676250457764,km
team_lm,TEAM_LM,Alaska,test,42,222,Magnitude,0.24601903557777405,0.21332333981990814,0.10603223741054535,0.1893070787191391,0.53878253698348999,magnitude
